profile,sex,age,variable,value,dm,htn,chol,nafld,osteo,flag
M30,M,30,bmi,18,0.6,5.1,10.4,5.9,0,
M30,M,30,bmi,20,0.6,5.1,10.4,5.9,0,
M30,M,30,bmi,22,0.6,5.1,10.4,5.9,0,
M30,M,30,bmi,24,0.6,5.1,10.4,7.5,0,
M30,M,30,bmi,26,0.6,9.7,14.2,13.8,0,
M30,M,30,bmi,28,0.6,9.7,14.2,18.8,0,
M30,M,30,bmi,30,0.6,9.7,14.2,18.8,0,
M30,M,30,bmi,33,0.6,9.7,14.2,18.8,0,
M30,M,30,bmi,36,0.6,9.7,14.2,18.8,0,
M30,M,30,bmi,40,0.6,9.7,14.2,18.8,0,
M30,M,30,bmi,,,,,,,그대로: dm (bmi 26→40에서 0.6% 고정)
M30,M,30,bmi,,,,,,,그대로: htn (bmi 26→40에서 9.7% 고정)
M30,M,30,waist,70,0.3,5.1,10.4,5.9,0,
M30,M,30,waist,78,0.3,5.1,10.4,5.9,0,
M30,M,30,waist,85,0.6,5.1,10.4,7.5,0,
M30,M,30,waist,90,0.9,5.1,10.4,13.8,0,
M30,M,30,waist,95,0.9,5.1,10.4,13.8,0,
M30,M,30,waist,100,0.9,5.1,10.4,18.8,0,
M30,M,30,waist,105,0.9,5.1,10.4,18.8,0,
M30,M,30,waist,110,0.9,5.1,10.4,18.8,0,
M30,M,30,waist,120,0.9,5.1,10.4,18.8,0,
M30,M,30,waist,,,,,,,그대로: dm (waist 90→120에서 0.9% 고정)
M30,M,30,waist,,,,,,,그대로: htn (waist 90→120에서 5.1% 고정)
M30,M,30,sbp,100,0.6,0,10.4,7.5,0,
M30,M,30,sbp,110,0.6,0,10.4,7.5,0,
M30,M,30,sbp,118,0.6,0,10.4,7.5,0,
M30,M,30,sbp,125,0.6,0,10.4,7.5,0,
M30,M,30,sbp,132,0.6,0,10.4,7.5,0,
M30,M,30,sbp,138,0.6,0,10.4,7.5,0,
M30,M,30,sbp,145,0.9,criteria,10.4,7.5,0,
M30,M,30,sbp,155,0.9,criteria,10.4,7.5,0,
M30,M,30,sbp,165,0.9,criteria,10.4,7.5,0,
M30,M,30,sbp,175,0.9,criteria,10.4,7.5,0,
M30,M,30,sbp,,,,,,,그대로: htn (sbp 125→138에서 0% 고정)
M30,M,30,glu,80,0,5.1,10.4,7.5,0,
M30,M,30,glu,88,0,5.1,10.4,7.5,0,
M30,M,30,glu,95,0.1,5.1,10.4,7.5,0,
M30,M,30,glu,100,0.2,5.1,10.4,7.5,0,
M30,M,30,glu,105,0.7,5.1,10.4,7.5,0,
M30,M,30,glu,110,2.2,5.1,10.4,7.5,0,
M30,M,30,glu,115,3.6,5.1,10.4,7.5,0,
M30,M,30,glu,120,5.8,5.1,10.4,7.5,0,
M30,M,30,glu,125,9.3,5.1,10.4,7.5,0,
M30,M,30,glu,130,criteria,5.1,10.4,7.5,0,
M30,M,30,glu,150,criteria,5.1,10.4,7.5,0,
M30,M,30,tc,150,0.6,5.1,0,7.5,0,
M30,M,30,tc,170,0.6,5.1,0,7.5,0,
M30,M,30,tc,190,0.6,5.1,0,7.5,0,
M30,M,30,tc,210,0.6,5.1,0,7.5,0,
M30,M,30,tc,230,0.6,5.1,0,7.5,0,
M30,M,30,tc,245,0.6,5.1,criteria,7.5,0,
M30,M,30,tc,270,0.6,5.1,criteria,7.5,0,
M45,M,45,bmi,18,2.1,10.1,12.2,13.8,0,
M45,M,45,bmi,20,2.1,10.1,12.2,13.8,0,
M45,M,45,bmi,22,2.1,10.1,12.2,13.8,0,
M45,M,45,bmi,24,2.1,10.1,12.2,18.8,0,
M45,M,45,bmi,26,2.1,18.3,16.5,28.9,0,
M45,M,45,bmi,28,2.1,18.3,16.5,40.1,0,
M45,M,45,bmi,30,2.1,18.3,16.5,40.1,0,
M45,M,45,bmi,33,2.1,18.3,16.5,40.1,0,
M45,M,45,bmi,36,2.1,18.3,16.5,40.1,0,
M45,M,45,bmi,40,2.1,18.3,16.5,40.1,0,
M45,M,45,bmi,,,,,,,그대로: dm (bmi 26→40에서 2.1% 고정)
M45,M,45,bmi,,,,,,,그대로: htn (bmi 26→40에서 18.3% 고정)
M45,M,45,waist,70,1,10.1,12.2,7.5,0,
M45,M,45,waist,78,1,10.1,12.2,7.5,0,
M45,M,45,waist,85,2.1,10.1,12.2,18.8,0,
M45,M,45,waist,90,2.8,10.1,12.2,28.9,0,
M45,M,45,waist,95,2.8,10.1,12.2,28.9,0,
M45,M,45,waist,100,2.8,10.1,12.2,40.1,0,
M45,M,45,waist,105,2.8,10.1,12.2,40.1,0,
M45,M,45,waist,110,2.8,10.1,12.2,40.1,0,
M45,M,45,waist,120,2.8,10.1,12.2,40.1,0,
M45,M,45,waist,,,,,,,그대로: dm (waist 90→120에서 2.8% 고정)
M45,M,45,waist,,,,,,,그대로: htn (waist 90→120에서 10.1% 고정)
M45,M,45,sbp,100,2.1,0,12.2,18.8,0,
M45,M,45,sbp,110,2.1,0,12.2,18.8,0,
M45,M,45,sbp,118,2.1,0,12.2,18.8,0,
M45,M,45,sbp,125,2.1,0,12.2,18.8,0,
M45,M,45,sbp,132,2.1,0,12.2,18.8,0,
M45,M,45,sbp,138,2.1,0,12.2,18.8,0,
M45,M,45,sbp,145,3,criteria,12.2,18.8,0,
M45,M,45,sbp,155,3,criteria,12.2,18.8,0,
M45,M,45,sbp,165,3,criteria,12.2,18.8,0,
M45,M,45,sbp,175,3,criteria,12.2,18.8,0,
M45,M,45,sbp,,,,,,,그대로: htn (sbp 125→138에서 0% 고정)
M45,M,45,glu,80,0,10.1,12.2,18.8,0,
M45,M,45,glu,88,0.1,10.1,12.2,18.8,0,
M45,M,45,glu,95,0.1,10.1,12.2,18.8,0,
M45,M,45,glu,100,0.3,10.1,12.2,18.8,0,
M45,M,45,glu,105,0.9,10.1,12.2,18.8,0,
M45,M,45,glu,110,2.9,10.1,12.2,18.8,0,
M45,M,45,glu,115,4.7,10.1,12.2,18.8,0,
M45,M,45,glu,120,7.5,10.1,12.2,18.8,0,
M45,M,45,glu,125,11.9,10.1,12.2,18.8,0,
M45,M,45,glu,130,criteria,10.1,12.2,18.8,0,
M45,M,45,glu,150,criteria,10.1,12.2,18.8,0,
M45,M,45,tc,150,2.1,10.1,0,18.8,0,
M45,M,45,tc,170,2.1,10.1,0,18.8,0,
M45,M,45,tc,190,2.1,10.1,0,18.8,0,
M45,M,45,tc,210,2.1,10.1,0,18.8,0,
M45,M,45,tc,230,2.1,10.1,0,18.8,0,
M45,M,45,tc,245,2.1,10.1,criteria,18.8,0,
M45,M,45,tc,270,2.1,10.1,criteria,18.8,0,
M45,M,25,age,25,0.9,2.5,4,7.5,0,
M45,M,35,age,35,1.6,5.1,10.4,18.8,0,
M45,M,45,age,45,2.1,10.1,12.2,18.8,0,
M45,M,55,age,55,3.6,11.4,11.2,18.8,4.2,내려감: chol
M45,M,65,age,65,4.4,13.6,5.9,18.8,4.4,내려감: chol
M45,M,75,age,75,4.2,16.1,3.4,18.8,4.7,내려감: dm·chol
M45,M,85,age,85,4.2,16.1,3.4,18.8,4.7,
M45,M,45,age,,,,,,,그대로: chol (age 45→85에서 12.2% 고정)
M55,M,55,bmi,18,3.6,11.4,11.2,13.8,4.2,
M55,M,55,bmi,20,3.6,11.4,11.2,13.8,4.2,
M55,M,55,bmi,22,3.6,11.4,11.2,13.8,4.2,
M55,M,55,bmi,24,3.6,11.4,11.2,18.8,4.2,
M55,M,55,bmi,26,3.6,20.5,15.1,28.9,4.2,
M55,M,55,bmi,28,3.6,20.5,15.1,40.1,4.2,
M55,M,55,bmi,30,3.6,20.5,15.1,40.1,4.2,
M55,M,55,bmi,33,3.6,20.5,15.1,40.1,4.2,
M55,M,55,bmi,36,3.6,20.5,15.1,40.1,4.2,
M55,M,55,bmi,40,3.6,20.5,15.1,40.1,4.2,
M55,M,55,bmi,,,,,,,그대로: dm (bmi 26→40에서 3.6% 고정)
M55,M,55,bmi,,,,,,,그대로: htn (bmi 26→40에서 20.5% 고정)
M55,M,55,waist,70,1.7,11.4,11.2,7.5,4.2,
M55,M,55,waist,78,1.7,11.4,11.2,7.5,4.2,
M55,M,55,waist,85,3.6,11.4,11.2,18.8,4.2,
M55,M,55,waist,90,4.9,11.4,11.2,28.9,4.2,
M55,M,55,waist,95,4.9,11.4,11.2,28.9,4.2,
M55,M,55,waist,100,4.9,11.4,11.2,40.1,4.2,
M55,M,55,waist,105,4.9,11.4,11.2,40.1,4.2,
M55,M,55,waist,110,4.9,11.4,11.2,40.1,4.2,
M55,M,55,waist,120,4.9,11.4,11.2,40.1,4.2,
M55,M,55,waist,,,,,,,그대로: dm (waist 90→120에서 4.9% 고정)
M55,M,55,waist,,,,,,,그대로: htn (waist 90→120에서 11.4% 고정)
M55,M,55,sbp,100,3.6,0,11.2,18.8,4.2,
M55,M,55,sbp,110,3.6,0,11.2,18.8,4.2,
M55,M,55,sbp,118,3.6,0,11.2,18.8,4.2,
M55,M,55,sbp,125,3.6,0,11.2,18.8,4.2,
M55,M,55,sbp,132,3.6,0,11.2,18.8,4.2,
M55,M,55,sbp,138,3.6,0,11.2,18.8,4.2,
M55,M,55,sbp,145,5.1,criteria,11.2,18.8,4.2,
M55,M,55,sbp,155,5.1,criteria,11.2,18.8,4.2,
M55,M,55,sbp,165,5.1,criteria,11.2,18.8,4.2,
M55,M,55,sbp,175,5.1,criteria,11.2,18.8,4.2,
M55,M,55,sbp,,,,,,,그대로: htn (sbp 125→138에서 0% 고정)
M55,M,55,glu,80,0,11.4,11.2,18.8,4.2,
M55,M,55,glu,88,0.1,11.4,11.2,18.8,4.2,
M55,M,55,glu,95,0.2,11.4,11.2,18.8,4.2,
M55,M,55,glu,100,0.3,11.4,11.2,18.8,4.2,
M55,M,55,glu,105,1.1,11.4,11.2,18.8,4.2,
M55,M,55,glu,110,3.3,11.4,11.2,18.8,4.2,
M55,M,55,glu,115,5.3,11.4,11.2,18.8,4.2,
M55,M,55,glu,120,8.4,11.4,11.2,18.8,4.2,
M55,M,55,glu,125,13.2,11.4,11.2,18.8,4.2,
M55,M,55,glu,130,criteria,11.4,11.2,18.8,4.2,
M55,M,55,glu,150,criteria,11.4,11.2,18.8,4.2,
M55,M,55,tc,150,3.6,11.4,0,18.8,4.2,
M55,M,55,tc,170,3.6,11.4,0,18.8,4.2,
M55,M,55,tc,190,3.6,11.4,0,18.8,4.2,
M55,M,55,tc,210,3.6,11.4,0,18.8,4.2,
M55,M,55,tc,230,3.6,11.4,0,18.8,4.2,
M55,M,55,tc,245,3.6,11.4,criteria,18.8,4.2,
M55,M,55,tc,270,3.6,11.4,criteria,18.8,4.2,
M65,M,65,bmi,18,4.4,13.6,5.9,13.8,4.4,
M65,M,65,bmi,20,4.4,13.6,5.9,13.8,4.4,
M65,M,65,bmi,22,4.4,13.6,5.9,13.8,4.4,
M65,M,65,bmi,24,4.4,13.6,5.9,18.8,4.4,
M65,M,65,bmi,26,4.4,23.9,8.2,28.9,4.4,
M65,M,65,bmi,28,4.4,23.9,8.2,40.1,4.4,
M65,M,65,bmi,30,4.4,23.9,8.2,40.1,4.4,
M65,M,65,bmi,33,4.4,23.9,8.2,40.1,4.4,
M65,M,65,bmi,36,4.4,23.9,8.2,40.1,4.4,
M65,M,65,bmi,40,4.4,23.9,8.2,40.1,4.4,
M65,M,65,bmi,,,,,,,그대로: dm (bmi 26→40에서 4.4% 고정)
M65,M,65,bmi,,,,,,,그대로: htn (bmi 26→40에서 23.9% 고정)
M65,M,65,waist,70,2.1,13.6,5.9,7.5,4.4,
M65,M,65,waist,78,2.1,13.6,5.9,7.5,4.4,
M65,M,65,waist,85,4.4,13.6,5.9,18.8,4.4,
M65,M,65,waist,90,5.9,13.6,5.9,28.9,4.4,
M65,M,65,waist,95,5.9,13.6,5.9,28.9,4.4,
M65,M,65,waist,100,5.9,13.6,5.9,40.1,4.4,
M65,M,65,waist,105,5.9,13.6,5.9,40.1,4.4,
M65,M,65,waist,110,5.9,13.6,5.9,40.1,4.4,
M65,M,65,waist,120,5.9,13.6,5.9,40.1,4.4,
M65,M,65,waist,,,,,,,그대로: dm (waist 90→120에서 5.9% 고정)
M65,M,65,waist,,,,,,,그대로: htn (waist 90→120에서 13.6% 고정)
M65,M,65,sbp,100,4.4,0,5.9,18.8,4.4,
M65,M,65,sbp,110,4.4,0,5.9,18.8,4.4,
M65,M,65,sbp,118,4.4,0,5.9,18.8,4.4,
M65,M,65,sbp,125,4.4,0,5.9,18.8,4.4,
M65,M,65,sbp,132,4.4,0,5.9,18.8,4.4,
M65,M,65,sbp,138,4.4,0,5.9,18.8,4.4,
M65,M,65,sbp,145,6.2,criteria,5.9,18.8,4.4,
M65,M,65,sbp,155,6.2,criteria,5.9,18.8,4.4,
M65,M,65,sbp,165,6.2,criteria,5.9,18.8,4.4,
M65,M,65,sbp,175,6.2,criteria,5.9,18.8,4.4,
M65,M,65,sbp,,,,,,,그대로: htn (sbp 125→138에서 0% 고정)
M65,M,65,glu,80,0,13.6,5.9,18.8,4.4,
M65,M,65,glu,88,0.1,13.6,5.9,18.8,4.4,
M65,M,65,glu,95,0.2,13.6,5.9,18.8,4.4,
M65,M,65,glu,100,0.3,13.6,5.9,18.8,4.4,
M65,M,65,glu,105,1.1,13.6,5.9,18.8,4.4,
M65,M,65,glu,110,3.4,13.6,5.9,18.8,4.4,
M65,M,65,glu,115,5.5,13.6,5.9,18.8,4.4,
M65,M,65,glu,120,8.8,13.6,5.9,18.8,4.4,
M65,M,65,glu,125,13.7,13.6,5.9,18.8,4.4,
M65,M,65,glu,130,criteria,13.6,5.9,18.8,4.4,
M65,M,65,glu,150,criteria,13.6,5.9,18.8,4.4,
M65,M,65,tc,150,4.4,13.6,0,18.8,4.4,
M65,M,65,tc,170,4.4,13.6,0,18.8,4.4,
M65,M,65,tc,190,4.4,13.6,0,18.8,4.4,
M65,M,65,tc,210,4.4,13.6,0,18.8,4.4,
M65,M,65,tc,230,4.4,13.6,0,18.8,4.4,
M65,M,65,tc,245,4.4,13.6,criteria,18.8,4.4,
M65,M,65,tc,270,4.4,13.6,criteria,18.8,4.4,
M75,M,75,bmi,18,4.2,16.1,3.4,13.8,4.7,
M75,M,75,bmi,20,4.2,16.1,3.4,13.8,4.7,
M75,M,75,bmi,22,4.2,16.1,3.4,13.8,4.7,
M75,M,75,bmi,24,4.2,16.1,3.4,18.8,4.7,
M75,M,75,bmi,26,4.2,27.7,4.7,28.9,4.7,
M75,M,75,bmi,28,4.2,27.7,4.7,40.1,4.7,
M75,M,75,bmi,30,4.2,27.7,4.7,40.1,4.7,
M75,M,75,bmi,33,4.2,27.7,4.7,40.1,4.7,
M75,M,75,bmi,36,4.2,27.7,4.7,40.1,4.7,
M75,M,75,bmi,40,4.2,27.7,4.7,40.1,4.7,
M75,M,75,bmi,,,,,,,그대로: dm (bmi 26→40에서 4.2% 고정)
M75,M,75,bmi,,,,,,,그대로: htn (bmi 26→40에서 27.7% 고정)
M75,M,75,waist,70,2.1,16.1,3.4,7.5,4.7,
M75,M,75,waist,78,2.1,16.1,3.4,7.5,4.7,
M75,M,75,waist,85,4.2,16.1,3.4,18.8,4.7,
M75,M,75,waist,90,5.8,16.1,3.4,28.9,4.7,
M75,M,75,waist,95,5.8,16.1,3.4,28.9,4.7,
M75,M,75,waist,100,5.8,16.1,3.4,40.1,4.7,
M75,M,75,waist,105,5.8,16.1,3.4,40.1,4.7,
M75,M,75,waist,110,5.8,16.1,3.4,40.1,4.7,
M75,M,75,waist,120,5.8,16.1,3.4,40.1,4.7,
M75,M,75,waist,,,,,,,그대로: dm (waist 90→120에서 5.8% 고정)
M75,M,75,waist,,,,,,,그대로: htn (waist 90→120에서 16.1% 고정)
M75,M,75,sbp,100,4.2,0,3.4,18.8,4.7,
M75,M,75,sbp,110,4.2,0,3.4,18.8,4.7,
M75,M,75,sbp,118,4.2,0,3.4,18.8,4.7,
M75,M,75,sbp,125,4.2,0,3.4,18.8,4.7,
M75,M,75,sbp,132,4.2,0,3.4,18.8,4.7,
M75,M,75,sbp,138,4.2,0,3.4,18.8,4.7,
M75,M,75,sbp,145,6,criteria,3.4,18.8,4.7,
M75,M,75,sbp,155,6,criteria,3.4,18.8,4.7,
M75,M,75,sbp,165,6,criteria,3.4,18.8,4.7,
M75,M,75,sbp,175,6,criteria,3.4,18.8,4.7,
M75,M,75,sbp,,,,,,,그대로: htn (sbp 125→138에서 0% 고정)
M75,M,75,glu,80,0,16.1,3.4,18.8,4.7,
M75,M,75,glu,88,0.1,16.1,3.4,18.8,4.7,
M75,M,75,glu,95,0.2,16.1,3.4,18.8,4.7,
M75,M,75,glu,100,0.3,16.1,3.4,18.8,4.7,
M75,M,75,glu,105,1.1,16.1,3.4,18.8,4.7,
M75,M,75,glu,110,3.4,16.1,3.4,18.8,4.7,
M75,M,75,glu,115,5.5,16.1,3.4,18.8,4.7,
M75,M,75,glu,120,8.7,16.1,3.4,18.8,4.7,
M75,M,75,glu,125,13.6,16.1,3.4,18.8,4.7,
M75,M,75,glu,130,criteria,16.1,3.4,18.8,4.7,
M75,M,75,glu,150,criteria,16.1,3.4,18.8,4.7,
M75,M,75,tc,150,4.2,16.1,0,18.8,4.7,
M75,M,75,tc,170,4.2,16.1,0,18.8,4.7,
M75,M,75,tc,190,4.2,16.1,0,18.8,4.7,
M75,M,75,tc,210,4.2,16.1,0,18.8,4.7,
M75,M,75,tc,230,4.2,16.1,0,18.8,4.7,
M75,M,75,tc,245,4.2,16.1,criteria,18.8,4.7,
M75,M,75,tc,270,4.2,16.1,criteria,18.8,4.7,
F30,F,30,bmi,18,0.5,2,6.4,1,0,
F30,F,30,bmi,20,0.5,2,6.4,1,0,
F30,F,30,bmi,22,0.5,2,6.4,1,0,
F30,F,30,bmi,24,0.5,2,6.4,2.6,0,
F30,F,30,bmi,26,0.5,3.9,8.9,5.2,0,
F30,F,30,bmi,28,0.5,3.9,8.9,8.7,0,
F30,F,30,bmi,30,0.5,3.9,8.9,8.7,0,
F30,F,30,bmi,33,0.5,3.9,8.9,8.7,0,
F30,F,30,bmi,36,0.5,3.9,8.9,8.7,0,
F30,F,30,bmi,40,0.5,3.9,8.9,8.7,0,
F30,F,30,bmi,,,,,,,그대로: dm (bmi 26→40에서 0.5% 고정)
F30,F,30,bmi,,,,,,,그대로: htn (bmi 26→40에서 3.9% 고정)
F30,F,30,waist,62,0.3,2,6.4,1.1,0,
F30,F,30,waist,70,0.3,2,6.4,1.1,0,
F30,F,30,waist,78,0.5,2,6.4,2.6,0,
F30,F,30,waist,85,0.8,2,6.4,5.2,0,
F30,F,30,waist,90,0.8,2,6.4,5.2,0,
F30,F,30,waist,95,0.8,2,6.4,8.7,0,
F30,F,30,waist,100,0.8,2,6.4,8.7,0,
F30,F,30,waist,110,0.8,2,6.4,8.7,0,
F30,F,30,waist,,,,,,,그대로: dm (waist 85→110에서 0.8% 고정)
F30,F,30,waist,,,,,,,그대로: htn (waist 85→110에서 2% 고정)
F30,F,30,sbp,100,0.5,0,6.4,2.6,0,
F30,F,30,sbp,110,0.5,0,6.4,2.6,0,
F30,F,30,sbp,118,0.5,0,6.4,2.6,0,
F30,F,30,sbp,125,0.5,0,6.4,2.6,0,
F30,F,30,sbp,132,0.5,0,6.4,2.6,0,
F30,F,30,sbp,138,0.5,0,6.4,2.6,0,
F30,F,30,sbp,145,0.8,criteria,6.4,2.6,0,
F30,F,30,sbp,155,0.8,criteria,6.4,2.6,0,
F30,F,30,sbp,165,0.8,criteria,6.4,2.6,0,
F30,F,30,sbp,175,0.8,criteria,6.4,2.6,0,
F30,F,30,sbp,,,,,,,그대로: htn (sbp 125→138에서 0% 고정)
F30,F,30,glu,80,0,2,6.4,2.6,0,
F30,F,30,glu,88,0,2,6.4,2.6,0,
F30,F,30,glu,95,0.1,2,6.4,2.6,0,
F30,F,30,glu,100,0.2,2,6.4,2.6,0,
F30,F,30,glu,105,0.7,2,6.4,2.6,0,
F30,F,30,glu,110,2.1,2,6.4,2.6,0,
F30,F,30,glu,115,3.5,2,6.4,2.6,0,
F30,F,30,glu,120,5.6,2,6.4,2.6,0,
F30,F,30,glu,125,9,2,6.4,2.6,0,
F30,F,30,glu,130,criteria,2,6.4,2.6,0,
F30,F,30,glu,150,criteria,2,6.4,2.6,0,
F30,F,30,tc,150,0.5,2,0,2.6,0,
F30,F,30,tc,170,0.5,2,0,2.6,0,
F30,F,30,tc,190,0.5,2,0,2.6,0,
F30,F,30,tc,210,0.5,2,0,2.6,0,
F30,F,30,tc,230,0.5,2,0,2.6,0,
F30,F,30,tc,245,0.5,2,criteria,2.6,0,
F30,F,30,tc,270,0.5,2,criteria,2.6,0,
F45,F,45,bmi,18,1.4,4.1,9.3,1.2,0,
F45,F,45,bmi,20,1.4,4.1,9.3,1.2,0,
F45,F,45,bmi,22,1.4,4.1,9.3,1.2,0,
F45,F,45,bmi,24,1.4,4.1,9.3,6.4,0,
F45,F,45,bmi,26,1.4,7.9,12.7,11,0,
F45,F,45,bmi,28,1.4,7.9,12.7,21,0,
F45,F,45,bmi,30,1.4,7.9,12.7,21,0,
F45,F,45,bmi,33,1.4,7.9,12.7,21,0,
F45,F,45,bmi,36,1.4,7.9,12.7,21,0,
F45,F,45,bmi,40,1.4,7.9,12.7,21,0,
F45,F,45,bmi,,,,,,,그대로: dm (bmi 26→40에서 1.4% 고정)
F45,F,45,bmi,,,,,,,그대로: htn (bmi 26→40에서 7.9% 고정)
F45,F,45,waist,62,0.7,4.1,9.3,3.9,0,
F45,F,45,waist,70,0.7,4.1,9.3,3.9,0,
F45,F,45,waist,78,1.4,4.1,9.3,6.4,0,
F45,F,45,waist,85,1.9,4.1,9.3,11,0,
F45,F,45,waist,90,1.9,4.1,9.3,11,0,
F45,F,45,waist,95,1.9,4.1,9.3,21,0,
F45,F,45,waist,100,1.9,4.1,9.3,21,0,
F45,F,45,waist,110,1.9,4.1,9.3,21,0,
F45,F,45,waist,,,,,,,그대로: dm (waist 85→110에서 1.9% 고정)
F45,F,45,waist,,,,,,,그대로: htn (waist 85→110에서 4.1% 고정)
F45,F,45,sbp,100,1.4,0,9.3,6.4,0,
F45,F,45,sbp,110,1.4,0,9.3,6.4,0,
F45,F,45,sbp,118,1.4,0,9.3,6.4,0,
F45,F,45,sbp,125,1.4,0,9.3,6.4,0,
F45,F,45,sbp,132,1.4,0,9.3,6.4,0,
F45,F,45,sbp,138,1.4,0,9.3,6.4,0,
F45,F,45,sbp,145,2,criteria,9.3,6.4,0,
F45,F,45,sbp,155,2,criteria,9.3,6.4,0,
F45,F,45,sbp,165,2,criteria,9.3,6.4,0,
F45,F,45,sbp,175,2,criteria,9.3,6.4,0,
F45,F,45,sbp,,,,,,,그대로: htn (sbp 125→138에서 0% 고정)
F45,F,45,glu,80,0,4.1,9.3,6.4,0,
F45,F,45,glu,88,0.1,4.1,9.3,6.4,0,
F45,F,45,glu,95,0.1,4.1,9.3,6.4,0,
F45,F,45,glu,100,0.3,4.1,9.3,6.4,0,
F45,F,45,glu,105,0.9,4.1,9.3,6.4,0,
F45,F,45,glu,110,2.7,4.1,9.3,6.4,0,
F45,F,45,glu,115,4.3,4.1,9.3,6.4,0,
F45,F,45,glu,120,6.9,4.1,9.3,6.4,0,
F45,F,45,glu,125,11,4.1,9.3,6.4,0,
F45,F,45,glu,130,criteria,4.1,9.3,6.4,0,
F45,F,45,glu,150,criteria,4.1,9.3,6.4,0,
F45,F,45,tc,150,1.4,4.1,0,6.4,0,
F45,F,45,tc,170,1.4,4.1,0,6.4,0,
F45,F,45,tc,190,1.4,4.1,0,6.4,0,
F45,F,45,tc,210,1.4,4.1,0,6.4,0,
F45,F,45,tc,230,1.4,4.1,0,6.4,0,
F45,F,45,tc,245,1.4,4.1,criteria,6.4,0,
F45,F,45,tc,270,1.4,4.1,criteria,6.4,0,
F45,F,25,age,25,0.3,0.8,4.4,2.6,0,
F45,F,35,age,35,1.4,2,6.4,8.7,0,
F45,F,45,age,45,1.4,4.1,9.3,6.4,0,
F45,F,55,age,55,2.4,6.8,18.6,11,9.5,
F45,F,65,age,65,2.4,10.5,17,11,28.3,내려감: chol
F45,F,75,age,75,3,16.9,9.7,11,38.5,내려감: chol
F45,F,85,age,85,3,16.9,9.7,11,38.5,
F55,F,55,bmi,18,2.4,6.8,18.6,3.9,25,
F55,F,55,bmi,20,2.4,6.8,18.6,3.9,9.5,
F55,F,55,bmi,22,2.4,6.8,18.6,3.9,9.5,
F55,F,55,bmi,24,2.4,6.8,18.6,11,9.5,
F55,F,55,bmi,26,2.4,12.8,24.4,21,9.5,
F55,F,55,bmi,28,2.4,12.8,24.4,27,9.5,
F55,F,55,bmi,30,2.4,12.8,24.4,27,9.5,
F55,F,55,bmi,33,2.4,12.8,24.4,27,9.5,
F55,F,55,bmi,36,2.4,12.8,24.4,27,9.5,
F55,F,55,bmi,40,2.4,12.8,24.4,27,9.5,
F55,F,55,bmi,,,,,,,그대로: dm (bmi 26→40에서 2.4% 고정)
F55,F,55,bmi,,,,,,,그대로: htn (bmi 26→40에서 12.8% 고정)
F55,F,55,waist,62,1.2,6.8,18.6,6.4,9.5,
F55,F,55,waist,70,1.2,6.8,18.6,6.4,9.5,
F55,F,55,waist,78,2.4,6.8,18.6,11,9.5,
F55,F,55,waist,85,3.3,6.8,18.6,21,9.5,
F55,F,55,waist,90,3.3,6.8,18.6,21,9.5,
F55,F,55,waist,95,3.3,6.8,18.6,27,9.5,
F55,F,55,waist,100,3.3,6.8,18.6,27,9.5,
F55,F,55,waist,110,3.3,6.8,18.6,27,9.5,
F55,F,55,waist,,,,,,,그대로: dm (waist 85→110에서 3.3% 고정)
F55,F,55,waist,,,,,,,그대로: htn (waist 85→110에서 6.8% 고정)
F55,F,55,sbp,100,2.4,0,18.6,11,9.5,
F55,F,55,sbp,110,2.4,0,18.6,11,9.5,
F55,F,55,sbp,118,2.4,0,18.6,11,9.5,
F55,F,55,sbp,125,2.4,0,18.6,11,9.5,
F55,F,55,sbp,132,2.4,0,18.6,11,9.5,
F55,F,55,sbp,138,2.4,0,18.6,11,9.5,
F55,F,55,sbp,145,3.4,criteria,18.6,11,9.5,
F55,F,55,sbp,155,3.4,criteria,18.6,11,9.5,
F55,F,55,sbp,165,3.4,criteria,18.6,11,9.5,
F55,F,55,sbp,175,3.4,criteria,18.6,11,9.5,
F55,F,55,sbp,,,,,,,그대로: htn (sbp 125→138에서 0% 고정)
F55,F,55,glu,80,0,6.8,18.6,11,9.5,
F55,F,55,glu,88,0.1,6.8,18.6,11,9.5,
F55,F,55,glu,95,0.2,6.8,18.6,11,9.5,
F55,F,55,glu,100,0.3,6.8,18.6,11,9.5,
F55,F,55,glu,105,1,6.8,18.6,11,9.5,
F55,F,55,glu,110,3,6.8,18.6,11,9.5,
F55,F,55,glu,115,4.8,6.8,18.6,11,9.5,
F55,F,55,glu,120,7.8,6.8,18.6,11,9.5,
F55,F,55,glu,125,12.2,6.8,18.6,11,9.5,
F55,F,55,glu,130,criteria,6.8,18.6,11,9.5,
F55,F,55,glu,150,criteria,6.8,18.6,11,9.5,
F55,F,55,tc,150,2.4,6.8,0,11,9.5,
F55,F,55,tc,170,2.4,6.8,0,11,9.5,
F55,F,55,tc,190,2.4,6.8,0,11,9.5,
F55,F,55,tc,210,2.4,6.8,0,11,9.5,
F55,F,55,tc,230,2.4,6.8,0,11,9.5,
F55,F,55,tc,245,2.4,6.8,criteria,11,9.5,
F55,F,55,tc,270,2.4,6.8,criteria,11,9.5,
F65,F,65,bmi,18,2.4,10.5,17,3.9,28.3,
F65,F,65,bmi,20,2.4,10.5,17,3.9,28.3,
F65,F,65,bmi,22,2.4,10.5,17,3.9,28.3,
F65,F,65,bmi,24,2.4,10.5,17,11,11,
F65,F,65,bmi,26,2.4,18.9,22.4,21,11,
F65,F,65,bmi,28,2.4,18.9,22.4,27,11,
F65,F,65,bmi,30,2.4,18.9,22.4,27,11,
F65,F,65,bmi,33,2.4,18.9,22.4,27,11,
F65,F,65,bmi,36,2.4,18.9,22.4,27,11,
F65,F,65,bmi,40,2.4,18.9,22.4,27,11,
F65,F,65,bmi,,,,,,,그대로: dm (bmi 26→40에서 2.4% 고정)
F65,F,65,bmi,,,,,,,그대로: htn (bmi 26→40에서 18.9% 고정)
F65,F,65,waist,62,1.2,10.5,17,6.4,28.3,
F65,F,65,waist,70,1.2,10.5,17,6.4,28.3,
F65,F,65,waist,78,2.4,10.5,17,11,28.3,
F65,F,65,waist,85,3.3,10.5,17,21,28.3,
F65,F,65,waist,90,3.3,10.5,17,21,28.3,
F65,F,65,waist,95,3.3,10.5,17,27,28.3,
F65,F,65,waist,100,3.3,10.5,17,27,28.3,
F65,F,65,waist,110,3.3,10.5,17,27,28.3,
F65,F,65,waist,,,,,,,그대로: dm (waist 85→110에서 3.3% 고정)
F65,F,65,waist,,,,,,,그대로: htn (waist 85→110에서 10.5% 고정)
F65,F,65,sbp,100,2.4,0,17,11,28.3,
F65,F,65,sbp,110,2.4,0,17,11,28.3,
F65,F,65,sbp,118,2.4,0,17,11,28.3,
F65,F,65,sbp,125,2.4,0,17,11,28.3,
F65,F,65,sbp,132,2.4,0,17,11,28.3,
F65,F,65,sbp,138,2.4,0,17,11,28.3,
F65,F,65,sbp,145,3.5,criteria,17,11,28.3,
F65,F,65,sbp,155,3.5,criteria,17,11,28.3,
F65,F,65,sbp,165,3.5,criteria,17,11,28.3,
F65,F,65,sbp,175,3.5,criteria,17,11,28.3,
F65,F,65,sbp,,,,,,,그대로: htn (sbp 125→138에서 0% 고정)
F65,F,65,glu,80,0,10.5,17,11,28.3,
F65,F,65,glu,88,0.1,10.5,17,11,28.3,
F65,F,65,glu,95,0.2,10.5,17,11,28.3,
F65,F,65,glu,100,0.3,10.5,17,11,28.3,
F65,F,65,glu,105,1,10.5,17,11,28.3,
F65,F,65,glu,110,3,10.5,17,11,28.3,
F65,F,65,glu,115,4.8,10.5,17,11,28.3,
F65,F,65,glu,120,7.8,10.5,17,11,28.3,
F65,F,65,glu,125,12.2,10.5,17,11,28.3,
F65,F,65,glu,130,criteria,10.5,17,11,28.3,
F65,F,65,glu,150,criteria,10.5,17,11,28.3,
F65,F,65,tc,150,2.4,10.5,0,11,28.3,
F65,F,65,tc,170,2.4,10.5,0,11,28.3,
F65,F,65,tc,190,2.4,10.5,0,11,28.3,
F65,F,65,tc,210,2.4,10.5,0,11,28.3,
F65,F,65,tc,230,2.4,10.5,0,11,28.3,
F65,F,65,tc,245,2.4,10.5,criteria,11,28.3,
F65,F,65,tc,270,2.4,10.5,criteria,11,28.3,
F75,F,75,bmi,18,3,16.9,9.7,3.9,38.5,
F75,F,75,bmi,20,3,16.9,9.7,3.9,38.5,
F75,F,75,bmi,22,3,16.9,9.7,3.9,38.5,
F75,F,75,bmi,24,3,16.9,9.7,11,38.5,
F75,F,75,bmi,26,3,28.9,13.2,21,38.5,
F75,F,75,bmi,28,3,28.9,13.2,27,16.4,
F75,F,75,bmi,30,3,28.9,13.2,27,16.4,
F75,F,75,bmi,33,3,28.9,13.2,27,16.4,
F75,F,75,bmi,36,3,28.9,13.2,27,16.4,
F75,F,75,bmi,40,3,28.9,13.2,27,16.4,
F75,F,75,bmi,,,,,,,그대로: dm (bmi 26→40에서 3% 고정)
F75,F,75,bmi,,,,,,,그대로: htn (bmi 26→40에서 28.9% 고정)
F75,F,75,waist,62,1.4,16.9,9.7,6.4,38.5,
F75,F,75,waist,70,1.4,16.9,9.7,6.4,38.5,
F75,F,75,waist,78,3,16.9,9.7,11,38.5,
F75,F,75,waist,85,4.1,16.9,9.7,21,38.5,
F75,F,75,waist,90,4.1,16.9,9.7,21,38.5,
F75,F,75,waist,95,4.1,16.9,9.7,27,38.5,
F75,F,75,waist,100,4.1,16.9,9.7,27,38.5,
F75,F,75,waist,110,4.1,16.9,9.7,27,38.5,
F75,F,75,waist,,,,,,,그대로: dm (waist 85→110에서 4.1% 고정)
F75,F,75,waist,,,,,,,그대로: htn (waist 85→110에서 16.9% 고정)
F75,F,75,sbp,100,3,0,9.7,11,38.5,
F75,F,75,sbp,110,3,0,9.7,11,38.5,
F75,F,75,sbp,118,3,0,9.7,11,38.5,
F75,F,75,sbp,125,3,0,9.7,11,38.5,
F75,F,75,sbp,132,3,0,9.7,11,38.5,
F75,F,75,sbp,138,3,0,9.7,11,38.5,
F75,F,75,sbp,145,4.3,criteria,9.7,11,38.5,
F75,F,75,sbp,155,4.3,criteria,9.7,11,38.5,
F75,F,75,sbp,165,4.3,criteria,9.7,11,38.5,
F75,F,75,sbp,175,4.3,criteria,9.7,11,38.5,
F75,F,75,sbp,,,,,,,그대로: htn (sbp 125→138에서 0% 고정)
F75,F,75,glu,80,0,16.9,9.7,11,38.5,
F75,F,75,glu,88,0.1,16.9,9.7,11,38.5,
F75,F,75,glu,95,0.2,16.9,9.7,11,38.5,
F75,F,75,glu,100,0.3,16.9,9.7,11,38.5,
F75,F,75,glu,105,1,16.9,9.7,11,38.5,
F75,F,75,glu,110,3.1,16.9,9.7,11,38.5,
F75,F,75,glu,115,5.1,16.9,9.7,11,38.5,
F75,F,75,glu,120,8.1,16.9,9.7,11,38.5,
F75,F,75,glu,125,12.7,16.9,9.7,11,38.5,
F75,F,75,glu,130,criteria,16.9,9.7,11,38.5,
F75,F,75,glu,150,criteria,16.9,9.7,11,38.5,
F75,F,75,tc,150,3,16.9,0,11,38.5,
F75,F,75,tc,170,3,16.9,0,11,38.5,
F75,F,75,tc,190,3,16.9,0,11,38.5,
F75,F,75,tc,210,3,16.9,0,11,38.5,
F75,F,75,tc,230,3,16.9,0,11,38.5,
F75,F,75,tc,245,3,16.9,criteria,11,38.5,
F75,F,75,tc,270,3,16.9,criteria,11,38.5,
