item,mode,sex,age,var,bin,n,events,observed_pct,app_mean_pct,diff_pt,flag
dm,간편,M,19–39,BMI,<18.5,43,,,,,표본 부족
dm,간편,M,19–39,BMI,18.5–23,470,0,0,0.7,0.7,
dm,간편,M,19–39,BMI,23–25,334,0,0,1.3,1.3,
dm,간편,M,19–39,BMI,25–28,359,4,1.2,1.9,0.7,
dm,간편,M,19–39,BMI,28–30,146,1,0.5,2.3,1.7,
dm,간편,M,19–39,BMI,30–33,117,6,4.7,3.8,-0.9,
dm,간편,M,19–39,BMI,33+,72,10,14.7,9.3,-5.4,앱이 낮음
dm,간편,M,19–39,허리(남),<80,445,0,0,0.5,0.5,
dm,간편,M,19–39,허리(남),80–85,289,0,0,0.9,0.9,
dm,간편,M,19–39,허리(남),85–90,260,2,0.7,1.7,1,
dm,간편,M,19–39,허리(남),90–95,210,2,1.2,2.5,1.2,
dm,간편,M,19–39,허리(남),95–100,131,2,1.1,2.3,1.3,
dm,간편,M,19–39,허리(남),100–105,86,4,5.5,3.6,-1.9,
dm,간편,M,19–39,허리(남),105+,103,11,10.6,7.8,-2.9,
dm,혈당 입력,M,19–39,공복혈당,<90,566,0,0,0,0,
dm,혈당 입력,M,19–39,공복혈당,90–100,698,0,0,0.1,0.1,
dm,혈당 입력,M,19–39,공복혈당,100–110,209,1,0.2,0.6,0.3,
dm,혈당 입력,M,19–39,공복혈당,110–126,51,3,6.3,4.4,-1.9,
dm,간편,M,40–49,BMI,<18.5,8,,,,,표본 부족
dm,간편,M,40–49,BMI,18.5–23,207,1,0.3,1.6,1.3,
dm,간편,M,40–49,BMI,23–25,220,3,1.6,3.4,1.8,
dm,간편,M,40–49,BMI,25–28,286,16,5.1,4.8,-0.3,
dm,간편,M,40–49,BMI,28–30,101,3,3.5,5.7,2.2,
dm,간편,M,40–49,BMI,30–33,67,6,9.1,8.9,-0.2,
dm,간편,M,40–49,BMI,33+,34,,,,,표본 부족
dm,간편,M,40–49,허리(남),<80,140,0,0,1.1,1.1,
dm,간편,M,40–49,허리(남),80–85,146,1,0.4,2.1,1.7,
dm,간편,M,40–49,허리(남),85–90,205,8,3.9,3.9,0,
dm,간편,M,40–49,허리(남),90–95,166,5,2.7,5.1,2.4,
dm,간편,M,40–49,허리(남),95–100,126,7,5.9,5.6,-0.2,
dm,간편,M,40–49,허리(남),100–105,67,6,9.4,8.1,-1.3,
dm,간편,M,40–49,허리(남),105+,55,8,13.6,13.1,-0.5,
dm,혈당 입력,M,40–49,공복혈당,<90,170,0,0,0.1,0.1,
dm,혈당 입력,M,40–49,공복혈당,90–100,408,1,0.2,0.2,0,
dm,혈당 입력,M,40–49,공복혈당,100–110,237,0,0,1,1,
dm,혈당 입력,M,40–49,공복혈당,110–126,78,4,4.4,5.8,1.4,
dm,간편,M,50–59,BMI,<18.5,15,,,,,표본 부족
dm,간편,M,50–59,BMI,18.5–23,231,11,4.3,3.7,-0.7,
dm,간편,M,50–59,BMI,23–25,245,14,4.9,6.9,2,
dm,간편,M,50–59,BMI,25–28,298,27,9.1,8.7,-0.5,
dm,간편,M,50–59,BMI,28–30,82,11,13.3,10.8,-2.5,
dm,간편,M,50–59,BMI,30–33,46,,,,,표본 부족
dm,간편,M,50–59,BMI,33+,15,,,,,표본 부족
dm,간편,M,50–59,허리(남),<80,136,7,4.3,2.5,-1.8,
dm,간편,M,50–59,허리(남),80–85,157,7,4.3,4.1,-0.2,
dm,간편,M,50–59,허리(남),85–90,233,14,5.4,6.7,1.3,
dm,간편,M,50–59,허리(남),90–95,192,17,7.7,9.6,1.9,
dm,간편,M,50–59,허리(남),95–100,115,10,10.2,10.7,0.5,
dm,간편,M,50–59,허리(남),100–105,49,,,,,표본 부족
dm,간편,M,50–59,허리(남),105+,37,,,,,표본 부족
dm,혈당 입력,M,50–59,공복혈당,<90,119,0,0,0.1,0.1,
dm,혈당 입력,M,50–59,공복혈당,90–100,348,0,0,0.3,0.3,
dm,혈당 입력,M,50–59,공복혈당,100–110,259,1,0.5,1.3,0.8,
dm,혈당 입력,M,50–59,공복혈당,110–126,142,6,3.6,7.3,3.7,
dm,간편,M,60–69,BMI,<18.5,21,,,,,표본 부족
dm,간편,M,60–69,BMI,18.5–23,340,12,3.7,5,1.3,
dm,간편,M,60–69,BMI,23–25,296,22,8.4,8.4,-0.1,
dm,간편,M,60–69,BMI,25–28,263,30,11.1,10.4,-0.6,
dm,간편,M,60–69,BMI,28–30,77,4,3.4,10.6,7.2,
dm,간편,M,60–69,BMI,30–33,20,,,,,표본 부족
dm,간편,M,60–69,BMI,33+,5,,,,,표본 부족
dm,간편,M,60–69,허리(남),<80,178,8,5.7,3.3,-2.4,
dm,간편,M,60–69,허리(남),80–85,191,9,3.8,4.7,0.9,
dm,간편,M,60–69,허리(남),85–90,248,12,5.3,7.6,2.3,
dm,간편,M,60–69,허리(남),90–95,210,30,15.4,11.3,-4.1,
dm,간편,M,60–69,허리(남),95–100,116,8,5.6,11.8,6.2,
dm,간편,M,60–69,허리(남),100–105,48,,,,,표본 부족
dm,간편,M,60–69,허리(남),105+,20,,,,,표본 부족
dm,혈당 입력,M,60–69,공복혈당,<90,123,0,0,0.1,0.1,
dm,혈당 입력,M,60–69,공복혈당,90–100,404,1,0.2,0.3,0.1,
dm,혈당 입력,M,60–69,공복혈당,100–110,277,3,1,1.4,0.5,
dm,혈당 입력,M,60–69,공복혈당,110–126,155,9,7,8.7,1.7,
dm,간편,M,70+,BMI,<18.5,38,,,,,표본 부족
dm,간편,M,70+,BMI,18.5–23,315,21,7,4.5,-2.5,
dm,간편,M,70+,BMI,23–25,244,12,4.7,7.2,2.5,
dm,간편,M,70+,BMI,25–28,194,16,7.8,8.7,0.9,
dm,간편,M,70+,BMI,28–30,38,,,,,표본 부족
dm,간편,M,70+,BMI,30–33,15,,,,,표본 부족
dm,간편,M,70+,BMI,33+,1,,,,,표본 부족
dm,간편,M,70+,허리(남),<80,155,7,4.6,2.7,-1.9,
dm,간편,M,70+,허리(남),80–85,160,11,6.2,4.3,-1.9,
dm,간편,M,70+,허리(남),85–90,201,7,3.7,6.9,3.2,
dm,간편,M,70+,허리(남),90–95,159,14,8.5,9.1,0.6,
dm,간편,M,70+,허리(남),95–100,101,11,9.8,9.2,-0.6,
dm,간편,M,70+,허리(남),100–105,44,,,,,표본 부족
dm,간편,M,70+,허리(남),105+,14,,,,,표본 부족
dm,혈당 입력,M,70+,공복혈당,<90,121,1,1.5,0.1,-1.4,
dm,혈당 입력,M,70+,공복혈당,90–100,324,1,0.3,0.4,0,
dm,혈당 입력,M,70+,공복혈당,100–110,240,6,2.8,1.7,-1.1,
dm,혈당 입력,M,70+,공복혈당,110–126,122,11,8.5,10,1.5,
dm,간편,F,19–39,BMI,<18.5,249,0,0,0.1,0.1,
dm,간편,F,19–39,BMI,18.5–23,941,1,0.1,0.3,0.2,
dm,간편,F,19–39,BMI,23–25,262,0,0,0.9,0.9,
dm,간편,F,19–39,BMI,25–28,209,4,2.5,1.1,-1.4,
dm,간편,F,19–39,BMI,28–30,71,3,3.1,1.7,-1.4,
dm,간편,F,19–39,BMI,30–33,61,1,1.6,2.4,0.8,
dm,간편,F,19–39,BMI,33+,60,4,6.5,4.1,-2.4,
dm,간편,F,19–39,허리(여),<75,1085,0,0,0.2,0.2,
dm,간편,F,19–39,허리(여),75–80,281,1,0.3,0.6,0.4,
dm,간편,F,19–39,허리(여),80–85,195,1,0.5,1.2,0.7,
dm,간편,F,19–39,허리(여),85–90,109,4,4.3,1.6,-2.8,
dm,간편,F,19–39,허리(여),90–95,65,1,1.4,1.9,0.5,
dm,간편,F,19–39,허리(여),95–100,33,,,,,표본 부족
dm,간편,F,19–39,허리(여),100+,50,4,8.5,4.9,-3.6,
dm,혈당 입력,F,19–39,공복혈당,<90,978,0,0,0,0,
dm,혈당 입력,F,19–39,공복혈당,90–100,726,0,0,0.1,0.1,
dm,혈당 입력,F,19–39,공복혈당,100–110,110,0,0,0.3,0.3,
dm,혈당 입력,F,19–39,공복혈당,110–126,28,,,,,표본 부족
dm,간편,F,40–49,BMI,<18.5,98,0,0,0.2,0.2,
dm,간편,F,40–49,BMI,18.5–23,693,2,0.3,0.6,0.3,
dm,간편,F,40–49,BMI,23–25,239,1,0.2,1.8,1.5,
dm,간편,F,40–49,BMI,25–28,191,5,2.8,2.8,0,
dm,간편,F,40–49,BMI,28–30,63,5,6.2,4.1,-2.1,
dm,간편,F,40–49,BMI,30–33,52,6,7.6,6.7,-0.9,
dm,간편,F,40–49,BMI,33+,37,,,,,표본 부족
dm,간편,F,40–49,허리(여),<75,609,1,0.2,0.4,0.2,
dm,간편,F,40–49,허리(여),75–80,267,2,0.5,1.3,0.7,
dm,간편,F,40–49,허리(여),80–85,192,0,0,2,2,
dm,간편,F,40–49,허리(여),85–90,116,5,3.3,3.2,0,
dm,간편,F,40–49,허리(여),90–95,76,5,7.6,4,-3.6,
dm,간편,F,40–49,허리(여),95–100,43,,,,,표본 부족
dm,간편,F,40–49,허리(여),100+,43,,,,,표본 부족
dm,혈당 입력,F,40–49,공복혈당,<90,501,0,0,0.1,0.1,
dm,혈당 입력,F,40–49,공복혈당,90–100,613,0,0,0.1,0.1,
dm,혈당 입력,F,40–49,공복혈당,100–110,182,0,0,0.6,0.6,
dm,혈당 입력,F,40–49,공복혈당,110–126,54,1,2.8,5.1,2.3,
dm,간편,F,50–59,BMI,<18.5,52,1,2.6,0.4,-2.2,
dm,간편,F,50–59,BMI,18.5–23,691,11,1.6,1.4,-0.2,
dm,간편,F,50–59,BMI,23–25,334,9,2.2,3.8,1.6,
dm,간편,F,50–59,BMI,25–28,252,14,5.7,5.6,-0.1,
dm,간편,F,50–59,BMI,28–30,76,4,4.4,8,3.5,
dm,간편,F,50–59,BMI,30–33,51,6,13.7,10.1,-3.5,
dm,간편,F,50–59,BMI,33+,25,,,,,표본 부족
dm,간편,F,50–59,허리(여),<75,467,3,0.7,0.9,0.2,
dm,간편,F,50–59,허리(여),75–80,332,12,3.8,2.3,-1.5,
dm,간편,F,50–59,허리(여),80–85,284,4,0.9,3.9,3,
dm,간편,F,50–59,허리(여),85–90,194,12,6.3,5.9,-0.5,
dm,간편,F,50–59,허리(여),90–95,87,4,4.9,7.3,2.4,
dm,간편,F,50–59,허리(여),95–100,57,4,8.1,9.8,1.7,
dm,간편,F,50–59,허리(여),100+,39,,,,,표본 부족
dm,혈당 입력,F,50–59,공복혈당,<90,382,0,0,0.1,0.1,
dm,혈당 입력,F,50–59,공복혈당,90–100,645,1,0.2,0.3,0.1,
dm,혈당 입력,F,50–59,공복혈당,100–110,310,4,1.2,1.2,-0.1,
dm,혈당 입력,F,50–59,공복혈당,110–126,103,3,2.8,6.9,4.1,
dm,간편,F,60–69,BMI,<18.5,49,,,,,표본 부족
dm,간편,F,60–69,BMI,18.5–23,591,14,1.8,2.3,0.5,
dm,간편,F,60–69,BMI,23–25,375,11,2.7,3.9,1.2,
dm,간편,F,60–69,BMI,25–28,341,18,5,5.6,0.6,
dm,간편,F,60–69,BMI,28–30,94,9,6.5,7.3,0.8,
dm,간편,F,60–69,BMI,30–33,59,4,7.9,10.6,2.7,
dm,간편,F,60–69,BMI,33+,14,,,,,표본 부족
dm,간편,F,60–69,허리(여),<75,330,8,2.4,1.6,-0.8,
dm,간편,F,60–69,허리(여),75–80,294,5,1.4,2.8,1.4,
dm,간편,F,60–69,허리(여),80–85,355,13,2.9,3.7,0.8,
dm,간편,F,60–69,허리(여),85–90,256,10,3.6,5.6,2,
dm,간편,F,60–69,허리(여),90–95,158,11,6.1,6.5,0.4,
dm,간편,F,60–69,허리(여),95–100,72,9,11.8,8.5,-3.3,
dm,간편,F,60–69,허리(여),100+,44,,,,,표본 부족
dm,혈당 입력,F,60–69,공복혈당,<90,296,0,0,0.1,0.1,
dm,혈당 입력,F,60–69,공복혈당,90–100,679,2,0.3,0.3,0,
dm,혈당 입력,F,60–69,공복혈당,100–110,367,6,1.3,1.6,0.3,
dm,혈당 입력,F,60–69,공복혈당,110–126,151,20,11.4,10.2,-1.2,
dm,간편,F,70+,BMI,<18.5,35,,,,,표본 부족
dm,간편,F,70+,BMI,18.5–23,379,11,2.4,3.4,0.9,
dm,간편,F,70+,BMI,23–25,259,8,2.8,5.3,2.6,
dm,간편,F,70+,BMI,25–28,290,17,6.4,6.9,0.5,
dm,간편,F,70+,BMI,28–30,84,9,10.5,10,-0.5,
dm,간편,F,70+,BMI,30–33,36,,,,,표본 부족
dm,간편,F,70+,BMI,33+,10,,,,,표본 부족
dm,간편,F,70+,허리(여),<75,159,4,2.1,2,-0.1,
dm,간편,F,70+,허리(여),75–80,174,4,2.9,3.4,0.4,
dm,간편,F,70+,허리(여),80–85,228,8,2.9,4.7,1.8,
dm,간편,F,70+,허리(여),85–90,214,12,5.8,6.3,0.5,
dm,간편,F,70+,허리(여),90–95,157,4,2.8,7.5,4.7,
dm,간편,F,70+,허리(여),95–100,91,10,9.5,9.4,0,
dm,간편,F,70+,허리(여),100+,52,9,15.1,13.9,-1.2,
dm,혈당 입력,F,70+,공복혈당,<90,213,1,0.2,0.2,0,
dm,혈당 입력,F,70+,공복혈당,90–100,467,1,0.1,0.5,0.4,
dm,혈당 입력,F,70+,공복혈당,100–110,263,10,4.1,2.9,-1.2,
dm,혈당 입력,F,70+,공복혈당,110–126,126,17,13.9,15.2,1.3,
htn,간편,M,19–39,BMI,<18.5,47,,,,,표본 부족
htn,간편,M,19–39,BMI,18.5–23,481,11,2.6,3,0.4,
htn,간편,M,19–39,BMI,23–25,341,16,3.9,3.8,0,
htn,간편,M,19–39,BMI,25–28,354,21,5.9,7.6,1.7,
htn,간편,M,19–39,BMI,28–30,148,18,11.2,8.4,-2.8,
htn,간편,M,19–39,BMI,30–33,116,9,6.3,8.8,2.5,
htn,간편,M,19–39,BMI,33+,69,9,11.1,9.9,-1.2,
htn,간편,M,19–39,허리(남),<80,455,9,2.1,2.8,0.6,
htn,간편,M,19–39,허리(남),80–85,298,12,4,4.3,0.3,
htn,간편,M,19–39,허리(남),85–90,261,12,4.5,5.9,1.4,
htn,간편,M,19–39,허리(남),90–95,208,17,7.6,7.5,-0.2,
htn,간편,M,19–39,허리(남),95–100,131,12,8.6,8.2,-0.3,
htn,간편,M,19–39,허리(남),100–105,92,7,5.9,8.7,2.8,
htn,간편,M,19–39,허리(남),105+,96,15,13.4,10.4,-3,
htn,간편,M,40–49,BMI,<18.5,10,,,,,표본 부족
htn,간편,M,40–49,BMI,18.5–23,203,10,5.3,8.6,3.4,앱이 높음
htn,간편,M,40–49,BMI,23–25,212,31,14.7,10.1,-4.5,
htn,간편,M,40–49,BMI,25–28,278,42,14.1,18.7,4.6,
htn,간편,M,40–49,BMI,28–30,88,25,29.7,19.7,-10.1,
htn,간편,M,40–49,BMI,30–33,53,9,13.5,21.6,8.1,
htn,간편,M,40–49,BMI,33+,27,,,,,표본 부족
htn,간편,M,40–49,허리(남),<80,139,7,5.3,8.1,2.8,
htn,간편,M,40–49,허리(남),80–85,140,13,9.8,10.2,0.4,
htn,간편,M,40–49,허리(남),85–90,200,39,17.3,13.7,-3.5,
htn,간편,M,40–49,허리(남),90–95,162,18,10.6,16.7,6.2,앱이 높음
htn,간편,M,40–49,허리(남),95–100,112,23,21.3,18.8,-2.5,
htn,간편,M,40–49,허리(남),100–105,57,13,22.7,20.8,-1.9,
htn,간편,M,40–49,허리(남),105+,46,,,,,표본 부족
htn,간편,M,50–59,BMI,<18.5,17,,,,,표본 부족
htn,간편,M,50–59,BMI,18.5–23,227,17,6.9,9.8,2.9,
htn,간편,M,50–59,BMI,23–25,225,32,12.5,11.5,-1,
htn,간편,M,50–59,BMI,25–28,243,52,19.9,20.9,1.1,
htn,간편,M,50–59,BMI,28–30,53,11,20.8,22,1.3,
htn,간편,M,50–59,BMI,30–33,21,,,,,표본 부족
htn,간편,M,50–59,BMI,33+,7,,,,,표본 부족
htn,간편,M,50–59,허리(남),<80,136,10,6.6,9.1,2.5,
htn,간편,M,50–59,허리(남),80–85,141,17,11.5,11.5,0.1,
htn,간편,M,50–59,허리(남),85–90,214,23,10.1,14.6,4.6,앱이 높음
htn,간편,M,50–59,허리(남),90–95,166,36,19,17.8,-1.2,
htn,간편,M,50–59,허리(남),95–100,77,19,23.4,20.9,-2.5,
htn,간편,M,50–59,허리(남),100–105,32,,,,,표본 부족
htn,간편,M,50–59,허리(남),105+,17,,,,,표본 부족
htn,간편,M,60–69,BMI,<18.5,21,,,,,표본 부족
htn,간편,M,60–69,BMI,18.5–23,303,45,13.2,12.9,-0.3,
htn,간편,M,60–69,BMI,23–25,211,43,19.6,13.7,-5.9,
htn,간편,M,60–69,BMI,25–28,162,29,18.4,24.4,6,
htn,간편,M,60–69,BMI,28–30,42,,,,,표본 부족
htn,간편,M,60–69,BMI,30–33,9,,,,,표본 부족
htn,간편,M,60–69,BMI,33+,2,,,,,표본 부족
htn,간편,M,60–69,허리(남),<80,163,20,11.3,12.4,1.1,
htn,간편,M,60–69,허리(남),80–85,155,18,10.4,13.6,3.2,
htn,간편,M,60–69,허리(남),85–90,186,40,20.4,15.2,-5.2,
htn,간편,M,60–69,허리(남),90–95,146,32,22.2,20.4,-1.8,
htn,간편,M,60–69,허리(남),95–100,57,11,16.6,24.4,7.9,앱이 높음
htn,간편,M,60–69,허리(남),100–105,21,,,,,표본 부족
htn,간편,M,60–69,허리(남),105+,11,,,,,표본 부족
htn,간편,M,70+,BMI,<18.5,36,,,,,표본 부족
htn,간편,M,70+,BMI,18.5–23,231,41,18.9,15.2,-3.7,
htn,간편,M,70+,BMI,23–25,150,23,15.8,16.3,0.5,
htn,간편,M,70+,BMI,25–28,99,23,25.9,28.5,2.7,
htn,간편,M,70+,BMI,28–30,10,,,,,표본 부족
htn,간편,M,70+,BMI,30–33,4,,,,,표본 부족
htn,간편,M,70+,BMI,33+,0,,,,,표본 부족
htn,간편,M,70+,허리(남),<80,120,18,14.1,14.5,0.4,
htn,간편,M,70+,허리(남),80–85,105,17,17.2,15.7,-1.5,
htn,간편,M,70+,허리(남),85–90,126,23,19,17.1,-1.8,
htn,간편,M,70+,허리(남),90–95,99,25,31.2,21,-10.3,
htn,간편,M,70+,허리(남),95–100,55,8,13.4,25.2,11.9,
htn,간편,M,70+,허리(남),100–105,17,,,,,표본 부족
htn,간편,M,70+,허리(남),105+,3,,,,,표본 부족
htn,간편,F,19–39,BMI,<18.5,259,0,0,0.7,0.7,
htn,간편,F,19–39,BMI,18.5–23,971,9,1.3,1.1,-0.2,
htn,간편,F,19–39,BMI,23–25,270,3,1.1,1.4,0.3,
htn,간편,F,19–39,BMI,25–28,217,3,1.5,2.9,1.4,
htn,간편,F,19–39,BMI,28–30,77,6,6.4,2.8,-3.6,
htn,간편,F,19–39,BMI,30–33,62,3,5,3.8,-1.2,
htn,간편,F,19–39,BMI,33+,63,5,6.9,7.1,0.1,
htn,간편,F,19–39,허리(여),<75,1118,9,1.1,1,-0.2,
htn,간편,F,19–39,허리(여),75–80,289,2,1,1.7,0.6,
htn,간편,F,19–39,허리(여),80–85,207,2,0.8,2.2,1.3,
htn,간편,F,19–39,허리(여),85–90,109,2,1.7,3,1.3,
htn,간편,F,19–39,허리(여),90–95,68,4,5.7,3.5,-2.2,
htn,간편,F,19–39,허리(여),95–100,39,,,,,표본 부족
htn,간편,F,19–39,허리(여),100+,52,5,8.8,7,-1.8,
htn,간편,F,40–49,BMI,<18.5,98,4,5,2.5,-2.5,
htn,간편,F,40–49,BMI,18.5–23,690,24,3.2,3.4,0.2,
htn,간편,F,40–49,BMI,23–25,244,12,3.7,4.1,0.4,
htn,간편,F,40–49,BMI,25–28,181,14,7.2,8,0.8,
htn,간편,F,40–49,BMI,28–30,56,5,7.5,8.2,0.6,
htn,간편,F,40–49,BMI,30–33,47,,,,,표본 부족
htn,간편,F,40–49,BMI,33+,23,,,,,표본 부족
htn,간편,F,40–49,허리(여),<75,610,13,2.3,3.1,0.8,
htn,간편,F,40–49,허리(여),75–80,266,14,4.4,4.2,-0.2,
htn,간편,F,40–49,허리(여),80–85,190,13,5.5,5.4,-0.2,
htn,간편,F,40–49,허리(여),85–90,119,12,9,7.1,-1.9,
htn,간편,F,40–49,허리(여),90–95,62,4,7,8.4,1.5,
htn,간편,F,40–49,허리(여),95–100,36,,,,,표본 부족
htn,간편,F,40–49,허리(여),100+,33,,,,,표본 부족
htn,간편,F,50–59,BMI,<18.5,55,4,6.5,4.2,-2.3,
htn,간편,F,50–59,BMI,18.5–23,662,45,6.5,5.8,-0.7,
htn,간편,F,50–59,BMI,23–25,293,22,7.7,6.8,-0.9,
htn,간편,F,50–59,BMI,25–28,208,19,10.9,12.9,2,
htn,간편,F,50–59,BMI,28–30,67,8,12.3,13.2,1,
htn,간편,F,50–59,BMI,30–33,41,,,,,표본 부족
htn,간편,F,50–59,BMI,33+,17,,,,,표본 부족
htn,간편,F,50–59,허리(여),<75,445,28,5.6,5.4,-0.2,
htn,간편,F,50–59,허리(여),75–80,317,23,7.4,6.8,-0.6,
htn,간편,F,50–59,허리(여),80–85,252,19,7.9,8.2,0.3,
htn,간편,F,50–59,허리(여),85–90,156,14,10,10.9,0.9,
htn,간편,F,50–59,허리(여),90–95,70,11,17.6,12.7,-4.9,
htn,간편,F,50–59,허리(여),95–100,46,,,,,표본 부족
htn,간편,F,50–59,허리(여),100+,37,,,,,표본 부족
htn,간편,F,60–69,BMI,<18.5,45,,,,,표본 부족
htn,간편,F,60–69,BMI,18.5–23,514,45,8.2,9.9,1.7,
htn,간편,F,60–69,BMI,23–25,290,37,11.8,10.5,-1.3,
htn,간편,F,60–69,BMI,25–28,237,49,19.5,19.1,-0.4,
htn,간편,F,60–69,BMI,28–30,60,13,21.6,19.5,-2.1,
htn,간편,F,60–69,BMI,30–33,30,,,,,표본 부족
htn,간편,F,60–69,BMI,33+,8,,,,,표본 부족
htn,간편,F,60–69,허리(여),<75,298,23,7.1,9.2,2.1,
htn,간편,F,60–69,허리(여),75–80,237,27,10.8,10.7,-0.1,
htn,간편,F,60–69,허리(여),80–85,273,30,10.2,12.2,2,
htn,간편,F,60–69,허리(여),85–90,196,36,16.4,15,-1.3,
htn,간편,F,60–69,허리(여),90–95,102,21,20.8,18.3,-2.5,
htn,간편,F,60–69,허리(여),95–100,40,,,,,표본 부족
htn,간편,F,60–69,허리(여),100+,24,,,,,표본 부족
htn,간편,F,70+,BMI,<18.5,31,,,,,표본 부족
htn,간편,F,70+,BMI,18.5–23,280,55,19.4,16.2,-3.2,
htn,간편,F,70+,BMI,23–25,134,28,24,16.9,-7.1,
htn,간편,F,70+,BMI,25–28,125,26,18.4,29.1,10.7,앱이 높음
htn,간편,F,70+,BMI,28–30,27,,,,,표본 부족
htn,간편,F,70+,BMI,30–33,12,,,,,표본 부족
htn,간편,F,70+,BMI,33+,1,,,,,표본 부족
htn,간편,F,70+,허리(여),<75,119,23,20.4,14.4,-6,
htn,간편,F,70+,허리(여),75–80,121,24,21.4,16.9,-4.5,
htn,간편,F,70+,허리(여),80–85,124,30,23,18.7,-4.3,
htn,간편,F,70+,허리(여),85–90,123,22,17.9,21.7,3.8,
htn,간편,F,70+,허리(여),90–95,69,15,22.1,26.7,4.6,
htn,간편,F,70+,허리(여),95–100,33,,,,,표본 부족
htn,간편,F,70+,허리(여),100+,12,,,,,표본 부족
chol,간편,M,19–39,BMI,<18.5,43,,,,,표본 부족
chol,간편,M,19–39,BMI,18.5–23,465,16,4.1,4.8,0.7,
chol,간편,M,19–39,BMI,23–25,329,27,7.2,7.2,0,
chol,간편,M,19–39,BMI,25–28,349,37,11,10.3,-0.7,
chol,간편,M,19–39,BMI,28–30,143,21,15.5,11.4,-4.1,
chol,간편,M,19–39,BMI,30–33,119,11,10.6,12.2,1.6,
chol,간편,M,19–39,BMI,33+,69,8,10.8,12.6,1.8,
chol,간편,M,19–39,허리(남),<80,440,13,3.2,4,0.8,
chol,간편,M,19–39,허리(남),80–85,286,21,8.3,7.5,-0.8,
chol,간편,M,19–39,허리(남),85–90,257,22,7.7,9,1.2,
chol,간편,M,19–39,허리(남),90–95,202,23,12,10.6,-1.4,
chol,간편,M,19–39,허리(남),95–100,129,18,14.2,11.4,-2.8,
chol,간편,M,19–39,허리(남),100–105,85,10,12.1,11.8,-0.3,
chol,간편,M,19–39,허리(남),105+,102,13,13.6,13.7,0.2,
chol,간편,M,40–49,BMI,<18.5,8,,,,,표본 부족
chol,간편,M,40–49,BMI,18.5–23,191,18,10.1,8.9,-1.2,
chol,간편,M,40–49,BMI,23–25,191,26,13.8,12.2,-1.6,
chol,간편,M,40–49,BMI,25–28,263,42,15.2,16.9,1.7,
chol,간편,M,40–49,BMI,28–30,84,22,26,17.8,-8.2,
chol,간편,M,40–49,BMI,30–33,57,12,16.4,19.3,2.9,
chol,간편,M,40–49,BMI,33+,25,,,,,표본 부족
chol,간편,M,40–49,허리(남),<80,134,14,9,8,-1.1,
chol,간편,M,40–49,허리(남),80–85,129,17,15,11.6,-3.4,
chol,간편,M,40–49,허리(남),85–90,181,26,12.7,14.2,1.5,
chol,간편,M,40–49,허리(남),90–95,151,26,17.8,15.9,-1.9,
chol,간편,M,40–49,허리(남),95–100,101,20,18.8,17.3,-1.5,
chol,간편,M,40–49,허리(남),100–105,56,11,17.1,18.7,1.6,
chol,간편,M,40–49,허리(남),105+,48,,,,,표본 부족
chol,간편,M,50–59,BMI,<18.5,14,,,,,표본 부족
chol,간편,M,50–59,BMI,18.5–23,197,20,11.1,8.3,-2.8,
chol,간편,M,50–59,BMI,23–25,211,23,11.1,11.2,0.1,
chol,간편,M,50–59,BMI,25–28,232,36,15.2,15.5,0.3,
chol,간편,M,50–59,BMI,28–30,64,11,13.9,16.3,2.4,
chol,간편,M,50–59,BMI,30–33,29,,,,,표본 부족
chol,간편,M,50–59,BMI,33+,10,,,,,표본 부족
chol,간편,M,50–59,허리(남),<80,121,10,9.1,7.1,-2,
chol,간편,M,50–59,허리(남),80–85,124,12,10.9,10.3,-0.6,
chol,간편,M,50–59,허리(남),85–90,197,20,9.5,12.5,3,
chol,간편,M,50–59,허리(남),90–95,152,22,13.6,14.1,0.5,
chol,간편,M,50–59,허리(남),95–100,86,17,19.8,15.8,-3.9,
chol,간편,M,50–59,허리(남),100–105,36,,,,,표본 부족
chol,간편,M,50–59,허리(남),105+,28,,,,,표본 부족
chol,간편,M,60–69,BMI,<18.5,22,,,,,표본 부족
chol,간편,M,60–69,BMI,18.5–23,288,22,8.2,5.7,-2.5,
chol,간편,M,60–69,BMI,23–25,246,20,7.4,5.9,-1.4,
chol,간편,M,60–69,BMI,25–28,212,11,5.9,8.5,2.6,
chol,간편,M,60–69,BMI,28–30,57,2,3.7,8.9,5.3,
chol,간편,M,60–69,BMI,30–33,17,,,,,표본 부족
chol,간편,M,60–69,BMI,33+,6,,,,,표본 부족
chol,간편,M,60–69,허리(남),<80,159,9,6.3,5.5,-0.8,
chol,간편,M,60–69,허리(남),80–85,160,17,11.3,6,-5.2,앱이 낮음
chol,간편,M,60–69,허리(남),85–90,204,13,6.4,6.3,-0.1,
chol,간편,M,60–69,허리(남),90–95,169,15,8.6,7.5,-1.1,
chol,간편,M,60–69,허리(남),95–100,90,1,0.6,8.5,7.9,
chol,간편,M,60–69,허리(남),100–105,38,,,,,표본 부족
chol,간편,M,60–69,허리(남),105+,17,,,,,표본 부족
chol,간편,M,70+,BMI,<18.5,33,,,,,표본 부족
chol,간편,M,70+,BMI,18.5–23,296,8,3.4,3.3,0,
chol,간편,M,70+,BMI,23–25,212,5,2.2,3.4,1.2,
chol,간편,M,70+,BMI,25–28,165,5,3.3,5,1.6,
chol,간편,M,70+,BMI,28–30,29,,,,,표본 부족
chol,간편,M,70+,BMI,30–33,11,,,,,표본 부족
chol,간편,M,70+,BMI,33+,1,,,,,표본 부족
chol,간편,M,70+,허리(남),<80,139,4,4,3.2,-0.8,
chol,간편,M,70+,허리(남),80–85,145,5,3.5,3.4,-0.1,
chol,간편,M,70+,허리(남),85–90,176,5,2.9,3.5,0.7,
chol,간편,M,70+,허리(남),90–95,129,3,3.6,4.1,0.4,
chol,간편,M,70+,허리(남),95–100,100,3,2.3,4.7,2.4,
chol,간편,M,70+,허리(남),100–105,35,,,,,표본 부족
chol,간편,M,70+,허리(남),105+,15,,,,,표본 부족
chol,간편,F,19–39,BMI,<18.5,245,6,2.5,5.2,2.7,
chol,간편,F,19–39,BMI,18.5–23,930,42,4.9,5.3,0.5,
chol,간편,F,19–39,BMI,23–25,259,16,6.7,5.5,-1.2,
chol,간편,F,19–39,BMI,25–28,212,16,7.8,7.7,-0.1,
chol,간편,F,19–39,BMI,28–30,67,8,11.1,7.3,-3.8,
chol,간편,F,19–39,BMI,30–33,61,8,15.5,7.6,-7.9,
chol,간편,F,19–39,BMI,33+,55,10,18,7.6,-10.4,앱이 낮음
chol,간편,F,19–39,허리(여),<75,1074,39,4,5.3,1.3,
chol,간편,F,19–39,허리(여),75–80,274,19,8.1,5.9,-2.2,
chol,간편,F,19–39,허리(여),80–85,195,12,5.7,6.6,0.9,
chol,간편,F,19–39,허리(여),85–90,107,9,10,7.4,-2.6,
chol,간편,F,19–39,허리(여),90–95,64,9,12.6,7.6,-5.1,
chol,간편,F,19–39,허리(여),95–100,34,,,,,표본 부족
chol,간편,F,19–39,허리(여),100+,46,,,,,표본 부족
chol,간편,F,40–49,BMI,<18.5,94,10,8.7,9.3,0.6,
chol,간편,F,40–49,BMI,18.5–23,662,55,8.4,9.3,0.9,
chol,간편,F,40–49,BMI,23–25,229,30,13.2,9.3,-3.9,
chol,간편,F,40–49,BMI,25–28,175,20,13,12.7,-0.3,
chol,간편,F,40–49,BMI,28–30,58,4,5.7,12.7,7,
chol,간편,F,40–49,BMI,30–33,41,,,,,표본 부족
chol,간편,F,40–49,BMI,33+,30,,,,,표본 부족
chol,간편,F,40–49,허리(여),<75,590,47,7.6,9.3,1.7,
chol,간편,F,40–49,허리(여),75–80,248,28,13.8,9.5,-4.2,
chol,간편,F,40–49,허리(여),80–85,184,19,9.3,10.5,1.2,
chol,간편,F,40–49,허리(여),85–90,110,14,12.3,11.9,-0.4,
chol,간편,F,40–49,허리(여),90–95,66,7,9.9,12.6,2.7,
chol,간편,F,40–49,허리(여),95–100,32,,,,,표본 부족
chol,간편,F,40–49,허리(여),100+,35,,,,,표본 부족
chol,간편,F,50–59,BMI,<18.5,48,,,,,표본 부족
chol,간편,F,50–59,BMI,18.5–23,560,114,19.5,18.6,-0.9,
chol,간편,F,50–59,BMI,23–25,248,53,20.7,18.6,-2.1,
chol,간편,F,50–59,BMI,25–28,162,35,23,24.4,1.4,
chol,간편,F,50–59,BMI,28–30,57,10,19.6,24.4,4.8,
chol,간편,F,50–59,BMI,30–33,38,,,,,표본 부족
chol,간편,F,50–59,BMI,33+,17,,,,,표본 부족
chol,간편,F,50–59,허리(여),<75,389,72,17,18.6,1.6,
chol,간편,F,50–59,허리(여),75–80,256,51,19.8,18.9,-0.9,
chol,간편,F,50–59,허리(여),80–85,202,54,26.6,20,-6.6,
chol,간편,F,50–59,허리(여),85–90,139,25,20.6,22.4,1.8,
chol,간편,F,50–59,허리(여),90–95,61,12,20,23.8,3.8,
chol,간편,F,50–59,허리(여),95–100,34,,,,,표본 부족
chol,간편,F,50–59,허리(여),100+,30,,,,,표본 부족
chol,간편,F,60–69,BMI,<18.5,38,,,,,표본 부족
chol,간편,F,60–69,BMI,18.5–23,380,70,18.8,17,-1.8,
chol,간편,F,60–69,BMI,23–25,219,44,21.6,17,-4.6,
chol,간편,F,60–69,BMI,25–28,204,36,16.7,22.4,5.7,
chol,간편,F,60–69,BMI,28–30,44,,,,,표본 부족
chol,간편,F,60–69,BMI,30–33,32,,,,,표본 부족
chol,간편,F,60–69,BMI,33+,11,,,,,표본 부족
chol,간편,F,60–69,허리(여),<75,220,37,17.1,17,-0.1,
chol,간편,F,60–69,허리(여),75–80,189,40,21.8,17.3,-4.5,
chol,간편,F,60–69,허리(여),80–85,204,39,22.4,18.2,-4.2,
chol,간편,F,60–69,허리(여),85–90,153,28,17,20,3,
chol,간편,F,60–69,허리(여),90–95,85,14,17.5,21.8,4.3,
chol,간편,F,60–69,허리(여),95–100,41,,,,,표본 부족
chol,간편,F,60–69,허리(여),100+,25,,,,,표본 부족
chol,간편,F,70+,BMI,<18.5,28,,,,,표본 부족
chol,간편,F,70+,BMI,18.5–23,260,27,10.2,9.7,-0.5,
chol,간편,F,70+,BMI,23–25,163,26,14.3,9.7,-4.6,
chol,간편,F,70+,BMI,25–28,162,24,16.7,13.2,-3.5,
chol,간편,F,70+,BMI,28–30,50,1,1.2,13.2,12,
chol,간편,F,70+,BMI,30–33,21,,,,,표본 부족
chol,간편,F,70+,BMI,33+,4,,,,,표본 부족
chol,간편,F,70+,허리(여),<75,108,12,12.1,9.7,-2.4,
chol,간편,F,70+,허리(여),75–80,109,14,11.9,9.8,-2,
chol,간편,F,70+,허리(여),80–85,149,22,14.1,10.2,-3.9,
chol,간편,F,70+,허리(여),85–90,137,19,14.1,11.1,-3,
chol,간편,F,70+,허리(여),90–95,89,11,13.5,12.5,-1,
chol,간편,F,70+,허리(여),95–100,58,3,3,13.1,10.2,
chol,간편,F,70+,허리(여),100+,27,,,,,표본 부족
osteo,간편,M,19–39,BMI,<18.5,0,,,,,표본 부족
osteo,간편,M,19–39,BMI,18.5–23,0,,,,,표본 부족
osteo,간편,M,19–39,BMI,23–25,0,,,,,표본 부족
osteo,간편,M,19–39,BMI,25–28,0,,,,,표본 부족
osteo,간편,M,19–39,BMI,28–30,0,,,,,표본 부족
osteo,간편,M,19–39,BMI,30–33,0,,,,,표본 부족
osteo,간편,M,19–39,BMI,33+,0,,,,,표본 부족
osteo,간편,M,40–49,BMI,<18.5,0,,,,,표본 부족
osteo,간편,M,40–49,BMI,18.5–23,0,,,,,표본 부족
osteo,간편,M,40–49,BMI,23–25,0,,,,,표본 부족
osteo,간편,M,40–49,BMI,25–28,0,,,,,표본 부족
osteo,간편,M,40–49,BMI,28–30,0,,,,,표본 부족
osteo,간편,M,40–49,BMI,30–33,0,,,,,표본 부족
osteo,간편,M,40–49,BMI,33+,0,,,,,표본 부족
osteo,간편,M,50–59,BMI,<18.5,6,,,,,표본 부족
osteo,간편,M,50–59,BMI,18.5–23,79,5,5.6,7.5,1.9,
osteo,간편,M,50–59,BMI,23–25,92,7,8.5,4.2,-4.3,
osteo,간편,M,50–59,BMI,25–28,105,1,1.4,2.8,1.5,
osteo,간편,M,50–59,BMI,28–30,35,,,,,표본 부족
osteo,간편,M,50–59,BMI,30–33,17,,,,,표본 부족
osteo,간편,M,50–59,BMI,33+,3,,,,,표본 부족
osteo,간편,M,50–59,허리(남),<80,50,3,5.9,11.1,5.1,
osteo,간편,M,50–59,허리(남),80–85,57,2,3.3,5.1,1.7,
osteo,간편,M,50–59,허리(남),85–90,78,3,4.7,3.9,-0.8,
osteo,간편,M,50–59,허리(남),90–95,76,4,5,3.1,-1.9,
osteo,간편,M,50–59,허리(남),95–100,42,,,,,표본 부족
osteo,간편,M,50–59,허리(남),100–105,18,,,,,표본 부족
osteo,간편,M,50–59,허리(남),105+,14,,,,,표본 부족
osteo,간편,M,60–69,BMI,<18.5,8,,,,,표본 부족
osteo,간편,M,60–69,BMI,18.5–23,99,11,11.9,8.9,-3.1,
osteo,간편,M,60–69,BMI,23–25,110,2,2.5,4.4,1.9,
osteo,간편,M,60–69,BMI,25–28,109,1,0.1,2.9,2.8,
osteo,간편,M,60–69,BMI,28–30,38,,,,,표본 부족
osteo,간편,M,60–69,BMI,30–33,12,,,,,표본 부족
osteo,간편,M,60–69,BMI,33+,4,,,,,표본 부족
osteo,간편,M,60–69,허리(남),<80,58,6,12.6,12.9,0.3,
osteo,간편,M,60–69,허리(남),80–85,62,6,10.8,5.5,-5.3,
osteo,간편,M,60–69,허리(남),85–90,80,3,2.9,4.4,1.5,
osteo,간편,M,60–69,허리(남),90–95,97,0,0,3.5,3.5,
osteo,간편,M,60–69,허리(남),95–100,47,,,,,표본 부족
osteo,간편,M,60–69,허리(남),100–105,26,,,,,표본 부족
osteo,간편,M,60–69,허리(남),105+,8,,,,,표본 부족
osteo,간편,M,70+,BMI,<18.5,13,,,,,표본 부족
osteo,간편,M,70+,BMI,18.5–23,113,11,9.5,8.6,-0.9,
osteo,간편,M,70+,BMI,23–25,94,1,0.6,4.7,4.1,
osteo,간편,M,70+,BMI,25–28,88,1,1.3,3.3,2,
osteo,간편,M,70+,BMI,28–30,22,,,,,표본 부족
osteo,간편,M,70+,BMI,30–33,5,,,,,표본 부족
osteo,간편,M,70+,BMI,33+,1,,,,,표본 부족
osteo,간편,M,70+,허리(남),<80,58,10,16.7,16.1,-0.5,
osteo,간편,M,70+,허리(남),80–85,59,1,1.3,6.3,5,
osteo,간편,M,70+,허리(남),85–90,75,3,5,5.3,0.3,
osteo,간편,M,70+,허리(남),90–95,72,3,4.1,4.2,0.2,
osteo,간편,M,70+,허리(남),95–100,42,,,,,표본 부족
osteo,간편,M,70+,허리(남),100–105,22,,,,,표본 부족
osteo,간편,M,70+,허리(남),105+,8,,,,,표본 부족
osteo,간편,F,19–39,BMI,<18.5,0,,,,,표본 부족
osteo,간편,F,19–39,BMI,18.5–23,0,,,,,표본 부족
osteo,간편,F,19–39,BMI,23–25,0,,,,,표본 부족
osteo,간편,F,19–39,BMI,25–28,0,,,,,표본 부족
osteo,간편,F,19–39,BMI,28–30,0,,,,,표본 부족
osteo,간편,F,19–39,BMI,30–33,0,,,,,표본 부족
osteo,간편,F,19–39,BMI,33+,0,,,,,표본 부족
osteo,간편,F,40–49,BMI,<18.5,0,,,,,표본 부족
osteo,간편,F,40–49,BMI,18.5–23,5,,,,,표본 부족
osteo,간편,F,40–49,BMI,23–25,3,,,,,표본 부족
osteo,간편,F,40–49,BMI,25–28,2,,,,,표본 부족
osteo,간편,F,40–49,BMI,28–30,1,,,,,표본 부족
osteo,간편,F,40–49,BMI,30–33,0,,,,,표본 부족
osteo,간편,F,40–49,BMI,33+,0,,,,,표본 부족
osteo,간편,F,40–49,허리(여),<75,3,,,,,표본 부족
osteo,간편,F,40–49,허리(여),75–80,3,,,,,표본 부족
osteo,간편,F,40–49,허리(여),80–85,3,,,,,표본 부족
osteo,간편,F,40–49,허리(여),85–90,1,,,,,표본 부족
osteo,간편,F,40–49,허리(여),90–95,1,,,,,표본 부족
osteo,간편,F,40–49,허리(여),95–100,0,,,,,표본 부족
osteo,간편,F,40–49,허리(여),100+,0,,,,,표본 부족
osteo,간편,F,50–59,BMI,<18.5,17,,,,,표본 부족
osteo,간편,F,50–59,BMI,18.5–23,163,22,13.7,13.4,-0.3,
osteo,간편,F,50–59,BMI,23–25,74,8,9.5,9.9,0.4,
osteo,간편,F,50–59,BMI,25–28,55,4,7.4,9.6,2.2,
osteo,간편,F,50–59,BMI,28–30,9,,,,,표본 부족
osteo,간편,F,50–59,BMI,30–33,10,,,,,표본 부족
osteo,간편,F,50–59,BMI,33+,7,,,,,표본 부족
osteo,간편,F,50–59,허리(여),<75,116,13,10.9,16,5.1,앱이 높음
osteo,간편,F,50–59,허리(여),75–80,76,11,13.7,11.1,-2.7,
osteo,간편,F,50–59,허리(여),80–85,63,9,14.1,9.9,-4.2,
osteo,간편,F,50–59,허리(여),85–90,40,,,,,표본 부족
osteo,간편,F,50–59,허리(여),90–95,17,,,,,표본 부족
osteo,간편,F,50–59,허리(여),95–100,12,,,,,표본 부족
osteo,간편,F,50–59,허리(여),100+,11,,,,,표본 부족
osteo,간편,F,60–69,BMI,<18.5,14,,,,,표본 부족
osteo,간편,F,60–69,BMI,18.5–23,198,57,30,26.9,-3.1,
osteo,간편,F,60–69,BMI,23–25,101,16,18.1,21.3,3.2,
osteo,간편,F,60–69,BMI,25–28,95,13,12.5,14.7,2.2,
osteo,간편,F,60–69,BMI,28–30,29,,,,,표본 부족
osteo,간편,F,60–69,BMI,30–33,21,,,,,표본 부족
osteo,간편,F,60–69,BMI,33+,6,,,,,표본 부족
osteo,간편,F,60–69,허리(여),<75,121,39,32.5,27.8,-4.7,
osteo,간편,F,60–69,허리(여),75–80,83,27,36.4,25.7,-10.7,
osteo,간편,F,60–69,허리(여),80–85,103,17,16.6,21.3,4.7,
osteo,간편,F,60–69,허리(여),85–90,70,8,10.6,15.9,5.2,
osteo,간편,F,60–69,허리(여),90–95,53,6,9.5,13.1,3.6,
osteo,간편,F,60–69,허리(여),95–100,13,,,,,표본 부족
osteo,간편,F,60–69,허리(여),100+,19,,,,,표본 부족
osteo,간편,F,70+,BMI,<18.5,12,,,,,표본 부족
osteo,간편,F,70+,BMI,18.5–23,128,55,42.5,38.5,-4,
osteo,간편,F,70+,BMI,23–25,91,35,36.8,38.3,1.5,
osteo,간편,F,70+,BMI,25–28,108,32,34,37,3,
osteo,간편,F,70+,BMI,28–30,35,,,,,표본 부족
osteo,간편,F,70+,BMI,30–33,12,,,,,표본 부족
osteo,간편,F,70+,BMI,33+,4,,,,,표본 부족
osteo,간편,F,70+,허리(여),<75,46,,,,,표본 부족
osteo,간편,F,70+,허리(여),75–80,65,27,39.8,38.5,-1.3,
osteo,간편,F,70+,허리(여),80–85,83,31,39.4,38.1,-1.4,
osteo,간편,F,70+,허리(여),85–90,76,23,26,37.9,11.9,앱이 높음
osteo,간편,F,70+,허리(여),90–95,52,22,51.4,36.5,-14.9,
osteo,간편,F,70+,허리(여),95–100,43,,,,,표본 부족
osteo,간편,F,70+,허리(여),100+,22,,,,,표본 부족
